{"branches": 53.40909090909091, "coverage": 53.327417923691215}